날짜,경상수지,원/미국달러(매매기준율),원/일본엔(100엔),원/유로,외환보유액,생산자물가지수,소비자물가지수,수출물가지수,수입물가지수,주택매매가격지수,주택전세가격지수,전산업경기지수,제조업경기지수,비제조업경기지수,국고채(3년),국고채(10년),"회사채(3년,AA-)",한국은행기준금리,미국(DowJones),미국(NASDAQ),EuroSTOXX,독일(DAX),일본(NIKKEI),싱가포르(STI),홍콩(항셍),중국(SHCOMP),뉴스심리지수,원화자금이체,선행종합지수1),동행종합지수2),설비투자지수,한국소비자물가,중국소비자물가,일본소비자물가,미국소비자물가,한국(KOSPI)
1,2302.7,1038.2,1005.7,1363.7,199699277.0,85.8,73.6,117.2,83.2,51.6,49.1,71.0,76.0,66.0,3.7,4.4,4.1,3.3,10489.9,2062.4,2984.6,4254.9,11387.6,2018.0,13721.7,1191.8,106.4,2477643.0,57.2,61.4,62.1,85.2,86.1,100.5,87.5,932.7
2,1819.9,1022.4,974.8,1333.9,202162426.0,86.0,73.9,115.8,83.1,51.7,49.2,76.0,80.0,74.0,4.2,4.9,4.6,3.3,10766.2,2051.7,3058.3,4350.5,11740.6,2033.9,14195.4,1306.0,110.6,2066605.0,57.5,61.4,58.9,85.6,87.7,100.2,88.0,1011.4
3,1735.9,1007.5,957.1,1328.6,205447299.0,86.0,74.3,114.2,84.4,51.9,49.4,83.0,85.0,81.0,4.0,4.8,4.5,3.3,10503.8,1999.2,3055.7,4348.8,11669.0,2056.6,13516.9,1181.2,104.0,2512936.0,57.9,61.8,70.3,86.1,86.9,100.5,88.7,965.7
4,877.4,1010.9,942.6,1308.8,206376404.0,86.3,74.4,113.4,85.5,52.2,49.6,84.0,88.0,81.0,3.9,4.7,4.3,3.3,10192.5,1921.7,2930.1,4184.8,11008.9,2043.9,13909.0,1159.2,100.9,2218395.0,58.1,61.9,64.7,86.2,86.6,100.6,89.2,911.3
5,440.4,1002.2,939.4,1271.8,206100363.0,85.7,74.3,109.9,83.6,52.5,49.6,80.0,83.0,78.0,3.7,4.4,4.1,3.3,10467.5,2068.2,3076.7,4460.6,11276.6,2081.8,13867.1,1060.7,101.9,2257815.4,58.1,62.1,66.9,86.1,86.4,100.7,89.2,970.2
6,882.9,1010.9,930.1,1229.1,204985923.0,85.3,74.1,110.4,84.8,52.9,49.7,78.0,82.0,76.0,3.8,4.5,4.2,3.3,10275.0,2057.0,3181.5,4586.3,11584.0,2161.3,14201.1,1080.9,102.0,2388332.3,58.1,62.3,71.1,85.8,85.8,100.3,89.2,1008.2
7,877.6,1037.4,927.2,1249.5,205684605.0,85.8,74.4,112.9,87.1,53.4,49.8,76.0,77.0,76.0,4.1,4.9,4.5,3.3,10640.9,2184.8,3326.5,4886.5,11899.6,2288.4,14881.0,1083.0,108.8,2543300.2,58.4,62.5,70.0,86.2,85.8,100.2,89.6,1111.3
8,1312.6,1021.2,921.8,1254.5,206712212.0,86.1,74.6,111.6,87.9,53.6,49.9,76.0,80.0,72.0,4.3,5.1,4.8,3.3,10481.6,2152.1,3263.8,4829.7,12413.6,2220.3,14903.6,1162.8,97.8,2656379.0,58.7,62.8,63.4,86.4,85.9,100.3,90.1,1083.3
9,-168.2,1029.3,927.1,1262.1,206731180.0,86.5,75.0,112.7,89.2,53.7,50.3,79.0,81.0,78.0,4.5,5.2,4.9,3.3,10568.7,2151.7,3428.5,5044.1,13574.3,2226.8,15428.5,1155.6,109.4,2600637.1,59.0,63.0,61.3,86.8,86.5,100.6,91.2,1221.0
10,435.6,1046.3,910.9,1258.0,207307269.0,86.7,74.9,113.4,88.7,53.7,50.6,82.0,86.0,79.0,4.8,5.4,5.2,3.5,10440.1,2120.3,3320.2,4929.1,13606.5,2143.4,14386.4,1092.8,105.7,2621774.7,59.3,63.3,66.6,86.7,86.9,100.6,91.4,1158.1
11,63.5,1041.4,880.1,1229.0,208230252.0,86.4,74.6,110.6,86.7,53.7,50.7,83.0,88.0,79.0,5.1,5.7,5.5,3.5,10805.9,2232.8,3447.1,5193.4,14872.2,2224.6,14937.1,1099.3,117.1,2861358.8,59.6,63.8,68.7,86.3,86.6,100.2,90.6,1297.4
12,1627.1,1024.2,863.9,1214.0,210390703.0,86.2,74.8,108.3,85.8,53.8,50.8,87.0,87.0,88.0,5.1,5.6,5.5,3.8,10717.5,2205.3,3578.9,5408.3,16111.4,2280.8,14876.4,1161.1,115.3,2961058.6,60.0,64.2,75.6,86.6,87.0,100.3,90.3,1379.4
13,1044.2,987.0,854.3,1194.8,216932905.0,86.5,75.2,105.6,85.0,54.0,51.0,87.0,87.0,87.0,5.0,5.6,5.5,3.8,10864.9,2305.8,3691.4,5674.2,16649.8,2348.9,15753.1,1258.1,112.1,2696470.5,60.4,64.7,66.1,87.1,88.1,100.4,90.9,1399.8
14,-1591.5,970.2,822.4,1159.7,215949925.0,86.5,75.4,103.5,84.1,54.2,51.2,82.0,81.0,84.0,4.9,5.3,5.3,4.0,10993.4,2281.4,3774.5,5796.0,16205.4,2416.9,15918.5,1299.0,100.8,2558698.0,60.6,64.8,67.9,87.3,88.5,100.1,91.1,1371.6
15,-661.3,975.1,831.3,1172.8,217344329.0,86.4,75.8,103.5,84.4,54.6,51.6,85.0,90.0,82.0,4.9,5.4,5.3,4.0,11109.3,2339.8,3853.7,5970.1,17059.7,2465.8,15805.0,1298.3,99.8,2864499.4,60.7,65.1,82.0,87.8,87.7,100.3,91.6,1359.6
16,-794.8,954.4,814.8,1169.9,222890019.0,86.6,75.9,102.3,85.6,55.0,51.9,87.0,88.0,87.0,5.0,5.5,5.2,4.0,11367.1,2322.6,3839.9,6009.9,16906.2,2548.4,16661.3,1440.2,98.8,2591206.5,60.7,65.3,75.9,87.9,87.9,100.5,92.4,1419.7
17,-164.0,941.4,843.0,1201.7,224689153.0,86.9,76.1,102.0,87.2,55.6,52.1,83.0,83.0,83.0,4.8,5.2,5.1,4.0,11168.3,2178.9,3637.2,5692.9,15467.3,2338.1,15857.9,1641.3,93.1,2659760.2,60.9,65.7,78.2,88.1,87.8,100.8,92.9,1317.7
18,2103.0,955.2,833.0,1208.7,224357276.0,86.7,75.9,103.5,88.0,55.9,52.1,82.0,83.0,81.0,4.9,5.3,5.2,4.3,11150.2,2172.1,3648.9,5683.3,15505.2,2398.4,16267.6,1672.2,90.3,2780687.5,60.8,65.7,74.6,87.9,87.4,100.8,93.1,1295.2
19,-833.4,950.2,821.4,1206.2,225715888.0,87.0,76.2,103.5,89.3,56.0,52.2,77.0,76.0,77.0,4.9,5.2,5.2,4.3,11185.7,2091.5,3691.9,5682.0,15456.8,2401.8,16971.3,1612.7,88.3,2439656.6,60.7,65.4,71.0,88.2,87.1,100.5,93.3,1297.8
20,-892.6,960.7,829.7,1230.6,227024881.0,87.6,76.6,105.6,90.9,56.1,52.3,72.0,71.0,73.0,4.8,4.9,5.1,4.5,11381.2,2183.8,3808.7,5859.6,16140.8,2452.5,17392.3,1658.6,92.3,2633197.8,60.7,65.6,75.9,88.7,87.4,101.2,93.5,1352.7
21,996.1,953.7,814.3,1214.9,228224315.0,87.8,76.9,104.9,87.7,56.4,52.7,81.0,83.0,79.0,4.7,4.9,5.0,4.5,11679.1,2258.4,3899.4,6004.3,16127.6,2523.0,17543.1,1752.4,101.6,2613272.9,61.1,66.0,75.9,89.0,87.8,101.2,93.1,1371.4
22,811.0,954.2,803.2,1202.4,229461022.0,87.0,76.5,103.7,86.6,57.2,53.3,84.0,85.0,82.0,4.6,4.8,4.9,4.5,12080.7,2366.7,4004.8,6268.9,16399.4,2646.4,18324.4,1838.0,98.4,2495318.2,61.5,66.9,73.6,88.6,87.9,101.0,92.6,1364.6
23,2637.4,936.2,798.0,1205.3,234256939.0,86.6,76.1,101.2,85.3,58.9,53.8,83.0,83.0,83.0,4.7,4.9,5.1,4.5,12221.9,2431.8,3987.2,6309.2,16274.3,2769.4,18960.5,2099.3,99.2,2862333.0,61.9,67.3,78.6,88.1,88.2,100.5,92.4,1432.2
24,-559.7,925.8,790.2,1222.8,238956116.0,86.5,76.3,100.1,85.3,60.0,54.1,84.0,83.0,85.0,4.8,5.0,5.2,4.5,12463.2,2415.3,4119.9,6596.9,17225.8,2918.6,19964.7,2675.5,98.2,2734038.1,62.0,67.6,81.5,88.4,89.4,100.6,92.6,1434.5
25,1028.7,936.4,777.9,1217.0,240228757.0,86.5,76.5,99.6,83.8,60.5,54.3,79.0,80.0,79.0,5.0,5.0,5.3,4.5,12621.7,2463.9,4178.5,6789.1,17383.4,3044.2,20106.4,2786.3,91.8,2762568.2,62.1,67.8,77.1,88.6,90.0,100.4,92.8,1360.2
26,1597.6,937.0,776.8,1225.1,242812021.0,86.6,77.0,99.2,85.4,60.8,54.5,81.0,80.0,82.0,4.9,5.0,5.3,4.5,12268.6,2416.2,4087.1,6715.4,17604.1,3034.4,19651.5,2881.1,96.4,2564254.6,62.4,68.0,76.1,89.2,90.9,99.9,93.3,1417.3
27,137.5,943.3,804.8,1249.4,243915438.0,87.0,77.5,100.1,88.2,60.9,54.7,85.0,84.0,85.0,4.8,4.9,5.2,4.5,12354.4,2421.6,4181.0,6917.0,17287.7,3160.9,19800.9,3184.0,97.5,3028756.8,62.5,68.3,87.5,89.7,90.7,100.2,94.2,1452.6
28,655.6,931.5,783.7,1257.7,247259663.0,87.6,77.8,100.4,89.2,61.0,54.9,87.0,87.0,88.0,4.9,5.1,5.3,4.5,13062.9,2525.1,4392.3,7408.9,17400.4,3285.7,20319.0,3841.3,106.3,3054065.8,62.8,68.6,86.0,90.0,90.6,100.5,94.8,1542.2
29,-1617.2,927.9,768.5,1254.1,250741103.0,88.1,77.8,100.5,89.7,61.0,55.0,88.0,89.0,87.0,5.1,5.2,5.5,4.5,13627.6,2604.5,4512.7,7883.0,17875.8,3441.3,20634.5,4109.7,107.1,2798622.0,63.0,68.8,82.5,90.1,90.8,100.8,95.4,1700.9
30,1387.1,928.3,757.1,1244.9,250701619.0,88.2,77.8,100.7,89.4,61.1,55.0,88.0,88.0,88.0,5.2,5.5,5.6,4.5,13408.6,2603.2,4489.8,8007.3,18138.4,3475.9,21772.7,3820.7,107.6,2804795.8,63.4,69.0,81.7,90.1,91.2,100.6,95.6,1743.6
31,2172.6,918.9,755.6,1260.0,254838621.0,88.4,78.1,100.8,89.4,61.2,55.0,87.0,88.0,87.0,5.4,5.5,5.8,4.8,13212.0,2545.6,4315.7,7584.1,17248.9,3481.0,23184.9,4471.0,112.0,3276989.8,63.8,69.3,75.6,90.5,92.0,100.5,95.5,1933.3
32,3112.6,933.8,799.8,1272.4,255301804.0,88.3,78.2,102.0,90.2,61.3,55.1,85.0,86.0,84.0,5.3,5.4,5.7,5.0,13357.7,2596.4,4294.6,7638.2,16569.1,3328.4,23984.1,5218.8,97.8,3314541.1,64.1,69.6,78.2,90.6,93.1,101.0,95.4,1873.2
33,2496.5,932.4,810.6,1291.2,257293573.0,88.7,78.7,102.1,92.3,61.5,55.2,87.0,87.0,86.0,5.4,5.5,5.9,5.0,13895.6,2701.5,4381.7,7861.5,16785.7,3645.4,27142.5,5552.3,103.7,2745926.1,64.3,69.7,68.8,91.1,93.4,101.0,95.6,1946.5
34,-853.7,915.9,790.7,1303.3,260138379.0,88.9,78.8,101.1,93.2,61.7,55.4,87.0,88.0,87.0,5.4,5.6,6.0,5.0,13930.0,2859.1,4489.8,8019.2,16737.6,3763.6,31352.6,5954.8,108.1,3589970.3,64.4,70.1,78.2,91.2,93.7,101.3,95.8,2064.9
35,1214.9,917.0,826.2,1345.6,261927965.0,89.3,78.8,103.0,96.9,61.8,55.5,88.0,90.0,86.0,5.5,5.6,6.2,5.0,13371.7,2661.0,4395.0,7870.5,15680.7,3496.4,28643.6,4871.8,97.2,3637599.8,64.6,70.4,83.4,91.2,94.3,101.1,96.4,1906.0
36,-859.8,930.2,828.4,1355.2,262224070.0,89.6,79.1,103.5,98.6,61.9,55.5,85.0,86.0,84.0,5.9,5.8,6.7,5.0,13264.8,2652.3,4399.7,8067.3,15307.8,3465.6,27812.7,5261.6,103.0,3248519.6,64.8,70.9,87.7,91.6,95.3,101.3,96.3,1897.1
37,722.4,942.4,872.9,1386.2,261870733.0,90.1,79.5,105.4,101.6,62.1,55.6,83.0,85.0,83.0,5.4,5.6,6.6,5.0,12650.4,2389.9,3792.8,6851.8,13592.5,2981.8,23455.7,4383.4,98.5,3596816.3,64.8,71.4,76.9,92.0,96.4,101.1,96.8,1624.7
38,-2226.7,944.7,880.6,1395.4,262364808.0,91.0,79.8,106.7,104.4,62.3,55.7,83.0,83.0,82.0,5.1,5.3,6.3,5.0,12266.4,2271.5,3724.5,6748.1,13603.0,3026.5,24331.7,4348.5,97.9,2881617.8,64.6,71.6,74.0,92.4,98.9,100.9,97.1,1711.6
39,1417.6,979.9,972.3,1519.5,264245660.0,92.2,80.5,113.4,112.9,62.7,56.1,81.0,85.0,78.0,5.2,5.4,6.1,5.0,12262.9,2279.1,3628.1,6535.0,12525.5,3007.4,22849.2,3472.7,88.1,3459325.4,64.6,71.7,87.0,93.2,98.2,101.4,97.9,1704.0
40,416.8,986.7,962.4,1555.1,260482546.0,94.1,81.0,116.2,117.2,63.3,56.4,85.0,89.0,82.0,5.0,5.2,5.9,5.0,12820.1,2412.8,3825.0,6948.8,13850.0,3147.8,25755.4,3693.1,103.7,3553467.7,64.6,71.7,85.1,93.7,98.3,101.3,98.5,1825.5
41,-1317.0,1036.7,994.2,1614.6,258198958.0,96.0,81.6,124.6,129.7,63.7,56.6,82.0,87.0,78.0,5.3,5.5,6.2,5.0,12638.3,2522.7,3777.9,7096.8,14338.5,3192.6,24533.1,3433.4,93.1,3313626.5,64.7,71.7,82.0,94.5,98.0,102.2,99.4,1852.0
42,-2170.5,1029.3,963.0,1601.7,258097988.0,97.5,82.2,126.0,133.2,64.1,56.8,76.0,79.0,74.0,5.7,5.9,6.7,5.0,11350.0,2293.0,3352.8,6418.3,13481.4,2947.5,22102.0,2736.1,76.3,3501377.1,64.6,71.5,83.2,95.1,97.8,102.6,100.4,1674.9
43,-1147.8,1019.1,954.2,1606.7,247522666.0,99.4,82.7,126.1,134.6,64.3,56.9,75.0,78.0,73.0,6.0,6.0,7.0,5.0,11378.0,2325.6,3367.8,6479.6,13376.8,2929.7,22731.1,2775.7,79.6,4001363.6,64.6,71.5,82.7,95.8,97.9,102.8,100.9,1594.7
44,-4327.2,1041.5,953.0,1561.6,243200303.0,99.2,82.6,124.3,128.7,64.4,57.0,73.0,76.0,71.0,5.8,5.9,7.1,5.3,11543.6,2367.5,3365.6,6422.3,13072.9,2740.0,21261.9,2397.4,75.9,3446264.3,64.6,71.6,78.4,95.6,97.8,103.1,100.5,1474.2
45,1096.3,1130.4,1060.6,1627.6,239671786.0,98.8,82.7,130.1,131.7,64.6,57.2,73.0,73.0,73.0,5.8,6.0,7.5,5.3,10850.7,2082.3,3038.2,5831.0,11259.9,2358.9,18016.2,2293.8,70.5,3921646.1,64.7,71.7,73.7,95.7,97.8,103.1,100.3,1448.1
46,1661.8,1326.9,1327.1,1765.3,212252810.0,98.5,82.6,140.1,137.1,64.6,57.3,64.0,67.0,62.0,5.1,5.5,8.0,4.3,9325.0,1721.0,2591.8,4988.0,8577.0,1794.2,13968.7,1728.8,60.0,3854588.6,64.7,71.7,76.4,95.6,97.5,103.0,99.3,1113.1
47,870.5,1390.1,1435.1,1768.9,200505915.0,96.2,82.4,135.4,128.0,64.3,57.1,55.0,54.0,57.0,5.0,5.7,8.6,4.0,8829.0,1535.6,2430.3,4669.4,8512.3,1732.6,13888.2,1871.2,65.5,3535066.7,64.6,71.3,69.3,95.4,96.7,102.2,97.4,1076.1
48,6756.1,1373.8,1503.3,1846.1,201223413.0,94.6,82.4,129.4,120.7,63.8,56.4,51.0,45.0,56.0,4.0,4.9,8.4,3.0,8776.4,1577.0,2447.6,4810.2,8859.6,1761.6,14387.5,1820.8,72.7,3961609.8,64.6,70.7,72.1,95.4,96.5,101.7,96.4,1124.5
49,1433.2,1346.1,1487.2,1793.8,201741003.0,94.3,82.5,125.0,118.5,63.5,55.9,52.0,47.0,57.0,3.4,4.4,7.3,2.5,8000.9,1476.4,2237.0,4338.4,7994.1,1746.5,13278.2,1990.7,76.5,3409708.2,64.6,70.4,54.7,95.5,97.4,101.1,96.8,1162.1
50,6214.5,1429.5,1546.1,1829.9,201534628.0,95.0,83.0,131.1,123.2,63.3,55.8,52.0,43.0,59.0,3.8,5.2,7.1,2.0,7062.9,1377.8,1976.2,3843.7,7568.4,1594.9,12811.6,2082.9,80.2,3087484.4,65.1,70.4,60.8,96.2,97.4,100.8,97.3,1063.0
51,5874.0,1462.0,1495.7,1904.0,206340481.0,95.4,83.6,133.2,124.8,63.2,55.8,58.0,56.0,60.0,3.7,5.0,6.1,2.0,7608.9,1528.6,2071.1,4084.8,8109.5,1700.0,13576.0,2373.2,89.9,3371945.3,65.6,70.6,69.8,96.8,97.1,101.1,97.6,1206.3
52,4904.2,1341.9,1356.2,1771.6,212478021.0,95.5,83.9,125.2,115.1,63.2,55.9,69.0,67.0,71.0,3.8,4.9,5.7,2.0,8168.1,1717.3,2375.3,4769.5,8828.3,1920.3,15521.0,2477.6,99.0,3930523.3,66.5,71.0,66.6,97.1,96.9,101.2,97.8,1369.4
53,1896.5,1258.7,1304.5,1719.1,226766307.0,94.8,83.9,119.5,111.6,63.3,56.0,74.0,73.0,75.0,3.8,5.1,5.2,2.0,8500.3,1774.3,2451.2,4940.8,9522.5,2329.1,18171.0,2632.9,99.9,3618428.6,67.1,71.2,68.7,97.1,96.6,101.0,98.1,1395.9
54,3867.9,1261.4,1305.5,1767.8,231734629.0,94.5,83.8,121.8,117.3,63.4,56.2,77.0,76.0,78.0,4.1,5.3,5.2,2.0,8447.0,1835.0,2401.7,4808.6,9958.4,2333.1,18378.7,2959.4,101.1,4050005.0,67.8,71.8,76.9,97.0,96.1,100.8,98.9,1390.1
55,2062.0,1264.0,1338.1,1778.8,237509692.0,95.6,84.1,122.7,117.3,63.6,56.4,78.0,80.0,77.0,4.1,5.2,5.5,2.0,9171.6,1978.5,2638.1,5332.1,10356.8,2659.2,20573.3,3412.1,108.9,4300096.7,68.1,72.2,70.4,97.4,96.1,100.5,98.8,1557.3
56,1169.3,1238.4,1304.3,1766.3,245458538.0,96.2,84.4,122.9,119.7,63.8,56.6,81.0,84.0,78.0,4.4,5.4,5.7,2.0,9496.3,2009.1,2775.2,5464.6,10492.5,2592.9,19724.2,2667.8,105.5,3889040.8,68.4,72.4,66.3,97.7,96.6,100.8,99.0,1591.9
57,584.9,1219.2,1332.4,1774.2,254247250.0,96.3,84.5,120.7,117.4,64.3,57.4,84.0,90.0,80.0,4.4,5.4,5.6,2.0,9712.3,2122.4,2872.6,5675.2,10133.2,2672.6,20955.3,2779.4,109.2,4143076.9,68.8,72.8,78.0,97.8,97.0,100.8,99.0,1673.1
58,2382.4,1175.3,1300.8,1742.9,264187192.0,95.5,84.2,117.0,116.1,64.5,57.9,88.0,90.0,86.0,4.5,5.5,5.6,2.0,9712.7,2045.1,2743.5,5415.0,10034.7,2651.1,21752.9,2995.9,106.2,3984713.7,69.3,73.1,71.9,97.5,96.9,100.4,99.1,1580.7
59,727.7,1164.2,1304.4,1736.6,270892261.0,95.8,84.4,117.3,118.3,64.7,58.2,85.0,88.0,82.0,4.3,5.4,5.4,2.0,10344.8,2144.6,2797.3,5626.0,9345.6,2732.1,21821.5,3195.3,105.4,3977951.6,69.9,73.4,79.3,97.7,97.2,100.2,99.2,1555.6
60,1971.9,1166.5,1300.8,1703.7,269994736.0,96.3,84.7,118.3,118.9,64.8,58.3,89.0,89.0,89.0,4.2,5.3,5.4,2.0,10428.1,2269.2,2965.0,5957.4,10546.4,2897.6,21872.5,3277.1,114.8,4213065.3,70.3,73.6,87.5,98.0,98.1,100.0,99.0,1682.8
61,-940.8,1138.8,1248.3,1627.5,273693584.0,96.7,85.4,117.2,118.4,64.9,58.5,89.0,93.0,86.0,4.3,5.4,5.4,2.0,10067.3,2147.4,2776.8,5608.8,10198.0,2745.4,20122.0,2989.3,113.2,3681297.1,70.6,74.0,73.7,98.8,98.7,100.1,99.4,1602.4
62,1980.4,1157.1,1281.7,1584.5,270659721.0,96.9,85.5,118.7,118.8,65.0,58.9,89.0,92.0,87.0,4.2,5.3,5.3,2.0,10325.3,2238.3,2728.5,5598.5,10126.0,2750.9,20608.7,3051.9,104.9,3585725.4,70.7,74.5,77.1,99.0,99.9,100.1,99.4,1594.6
63,1136.3,1137.6,1255.8,1544.9,272331061.0,97.3,85.7,118.2,119.7,65.2,59.3,89.0,96.0,85.0,3.9,4.9,5.0,2.0,10856.6,2398.0,2931.2,6153.6,11089.9,2887.5,21239.4,3109.1,109.0,4254429.1,70.7,75.1,95.8,99.2,99.2,100.3,99.8,1692.9
64,3102.5,1117.1,1195.3,1501.7,278873477.0,98.0,86.0,118.5,120.8,65.3,59.6,94.0,101.0,88.0,3.8,4.9,4.7,2.0,11008.6,2461.2,2816.9,6135.7,11057.4,2974.6,21108.6,2870.6,112.8,4424197.1,70.7,75.5,89.8,99.6,99.4,100.3,100.0,1741.6
65,5963.5,1163.1,1265.2,1460.7,270221038.0,98.9,86.1,121.4,124.2,65.4,59.9,95.0,102.0,89.0,3.7,5.0,4.5,2.0,10136.6,2257.0,2610.3,5964.3,9768.7,2752.6,19765.2,2592.2,107.9,3991229.6,71.0,76.0,85.9,99.7,99.3,100.3,100.1,1641.3
66,3438.8,1212.3,1333.6,1480.9,274218706.0,99.0,86.0,125.0,127.1,65.4,60.1,94.0,102.0,87.0,3.8,4.9,4.7,2.0,9774.0,2109.2,2573.3,5965.5,9382.6,2835.5,20129.0,2398.4,109.9,4294174.5,71.2,76.4,96.9,99.6,98.7,100.1,100.0,1698.3
67,3293.3,1207.3,1377.7,1540.3,285957848.0,99.2,86.2,124.1,126.7,65.3,60.3,93.0,100.0,88.0,3.9,4.9,4.8,2.3,10465.9,2254.7,2742.1,6148.0,9537.3,2987.7,21029.8,2637.5,109.6,4458979.8,71.3,76.8,92.5,99.8,99.1,99.6,100.0,1759.3
68,4056.7,1179.9,1380.2,1523.3,285353120.0,99.5,86.6,120.8,126.5,65.3,60.5,88.0,96.0,81.0,3.7,4.7,4.7,2.3,10014.7,2114.0,2623.0,5925.2,8824.1,2950.3,20536.5,2638.8,105.1,4378076.2,71.4,76.8,91.4,100.3,99.7,99.7,100.1,1742.8
69,3517.3,1167.0,1384.2,1518.7,289775214.0,100.1,87.3,119.8,126.4,65.3,60.9,88.0,93.0,83.0,3.5,4.3,4.4,2.3,10788.1,2368.6,2747.9,6229.0,9369.4,3097.6,22358.2,2655.7,110.0,4038649.6,71.4,76.7,87.2,101.1,100.3,99.9,100.2,1872.8
70,1363.7,1123.5,1371.1,1559.6,293347790.0,100.5,87.3,116.2,124.8,65.5,61.4,89.0,95.0,85.0,3.2,4.1,4.1,2.3,11118.5,2507.4,2845.0,6601.4,9202.5,3142.6,23096.3,2978.8,108.5,4163571.1,71.3,76.6,88.5,101.1,101.0,100.2,100.3,1883.0
71,1749.2,1126.2,1366.6,1541.3,290230708.0,100.8,86.9,116.9,127.2,65.7,62.0,90.0,94.0,87.0,3.4,4.5,4.2,2.5,11006.0,2498.2,2651.0,6688.5,9937.0,3144.7,23008.0,2820.2,111.0,4561841.9,71.4,76.8,92.0,100.6,102.1,99.9,100.3,1904.6
72,-710.5,1147.6,1376.7,1515.4,291570661.0,101.8,87.3,120.3,132.9,66.0,62.5,90.0,95.0,86.0,3.3,4.5,4.2,2.5,11577.5,2652.9,2792.8,6914.2,10228.9,3190.0,23035.5,2808.1,112.2,4730905.6,71.5,77.3,99.2,101.0,102.6,99.7,100.5,2051.0
73,-869.9,1120.1,1356.3,1495.4,295956219.0,103.3,88.3,118.2,132.3,66.3,63.0,87.0,93.0,83.0,3.7,4.7,4.5,2.8,11891.9,2700.1,2953.6,7077.5,10237.9,3179.7,23447.3,2790.7,115.4,4336134.3,72.0,78.2,82.5,102.2,103.6,99.6,101.0,2069.7
74,2428.2,1118.1,1351.0,1524.6,297667285.0,104.1,88.9,120.6,136.0,66.8,64.0,84.0,89.0,79.0,3.9,4.8,4.7,2.8,12226.3,2782.3,3013.1,7272.3,10624.1,3010.5,23338.0,2905.1,102.2,3544049.5,72.3,78.2,77.0,102.9,105.0,99.6,101.5,1939.3
75,-1821.2,1122.5,1376.2,1572.6,298617571.0,105.3,89.2,124.2,140.9,67.5,65.2,87.0,95.0,80.0,3.7,4.5,4.5,3.0,12319.7,2781.1,2910.9,7041.3,9755.1,3105.9,23527.5,2928.1,97.2,4548313.9,72.4,78.5,100.0,103.3,104.8,99.8,102.5,2106.7
76,-159.8,1086.8,1304.8,1569.4,307198549.0,106.0,89.3,122.5,141.7,68.0,65.9,92.0,99.0,85.0,3.7,4.5,4.5,3.0,12810.5,2873.5,3011.3,7514.5,9849.7,3179.9,23720.8,2911.5,107.8,4383893.1,72.5,78.3,91.9,103.4,104.9,99.9,103.1,2192.4
77,-2692.4,1083.5,1333.6,1551.3,305083958.0,106.3,89.5,120.3,138.7,68.5,66.5,90.0,96.0,84.0,3.7,4.3,4.4,3.0,12569.8,2835.3,2861.9,7293.7,9693.7,3159.9,23684.1,2743.5,103.8,4253093.4,72.5,78.9,99.2,103.6,105.0,99.9,103.6,2142.5
78,1067.0,1081.3,1342.8,1555.4,304484573.0,106.1,89.7,119.0,138.0,68.8,66.9,88.0,93.0,84.0,3.7,4.2,4.4,3.3,12414.3,2773.5,2848.5,7376.2,9816.1,3120.4,22398.1,2762.1,100.8,4516784.3,72.6,79.2,101.6,103.8,105.3,99.8,103.5,2100.7
79,2355.0,1059.5,1333.4,1515.4,311030779.0,106.2,90.1,116.7,136.3,69.1,67.5,87.0,92.0,83.0,3.8,4.2,4.5,3.3,12143.2,2756.4,2670.4,7158.8,9833.0,3189.3,22440.3,2701.7,106.1,4075945.0,72.7,79.5,95.5,104.3,105.7,99.8,103.6,2133.2
80,4746.5,1073.2,1391.4,1538.7,312194523.0,106.4,90.7,117.5,136.6,69.5,68.2,81.0,84.0,78.0,3.6,4.0,4.3,3.3,11613.5,2579.5,2302.1,5784.9,8955.2,2885.3,20534.9,2567.3,85.6,4346007.7,72.7,79.8,96.2,105.0,106.0,99.9,103.9,1880.1
81,3273.2,1118.6,1456.5,1542.4,303383685.0,106.4,90.6,121.0,141.4,69.8,69.1,82.0,84.0,80.0,3.5,3.8,4.2,3.3,10913.4,2415.4,2179.7,5502.0,8700.3,2675.2,17592.4,2359.2,88.8,4194266.5,72.8,79.7,87.8,104.9,106.6,99.9,104.1,1769.7
82,5.3,1155.5,1508.2,1584.0,310975985.0,106.3,90.4,122.4,142.8,70.1,69.8,82.0,85.0,80.0,3.5,3.9,4.3,3.3,11955.0,2684.4,2385.2,6141.3,8988.4,2855.8,19864.9,2468.3,97.8,4126945.1,72.8,80.1,83.4,104.7,106.7,100.0,103.8,1909.0
83,5075.4,1132.3,1460.0,1536.6,308631299.0,106.0,90.5,119.2,140.8,70.4,70.1,80.0,85.0,77.0,3.4,3.8,4.2,3.3,12045.7,2620.3,2330.4,6088.8,8434.6,2702.5,17989.4,2333.4,96.3,4495987.6,72.8,80.0,91.6,104.8,106.5,99.4,103.8,1847.5
84,3231.0,1147.5,1473.4,1511.0,306402488.0,106.1,90.9,119.1,141.0,70.5,70.2,81.0,82.0,80.0,3.4,3.8,4.2,3.3,12217.6,2605.2,2316.6,5898.4,8455.4,2646.4,18434.4,2199.4,97.1,4673342.6,72.9,80.1,100.5,105.2,106.8,99.5,103.5,1825.7
85,2036.3,1145.9,1488.7,1477.2,311340552.0,106.6,91.2,120.2,142.4,70.6,70.4,78.0,80.0,77.0,3.4,3.8,4.2,3.3,12632.9,2813.8,2416.7,6458.9,8802.5,2906.7,20390.5,2292.6,102.5,4159867.6,73.1,80.0,87.1,105.6,108.4,99.7,104.0,1955.8
86,-2276.2,1123.4,1433.7,1486.0,315803644.0,107.4,91.6,119.7,143.1,70.7,70.6,79.0,82.0,76.0,3.4,3.8,4.3,3.3,12952.1,2966.9,2512.1,6856.1,9723.2,2994.1,21680.1,2428.5,97.6,4619105.3,73.6,80.4,97.3,106.0,108.3,99.9,104.4,2030.3
87,4479.0,1125.9,1364.1,1487.1,315951551.0,107.9,91.6,120.5,145.5,70.9,71.0,81.0,84.0,79.0,3.6,4.0,4.4,3.3,13212.0,3091.6,2477.3,6946.8,10083.6,3010.5,20555.6,2262.8,105.3,4693538.0,73.9,80.5,96.5,106.1,108.5,100.3,105.2,2014.0
88,-354.0,1135.6,1393.9,1495.6,316836857.0,108.0,91.6,121.0,143.9,70.9,71.2,82.0,86.0,79.0,3.5,3.9,4.3,3.3,13213.6,3046.4,2306.4,6761.2,9520.9,2978.6,21094.2,2396.3,103.1,4378899.0,74.2,80.7,94.7,106.1,108.4,100.4,105.5,1982.0
89,4207.5,1154.3,1447.1,1478.6,310871842.0,107.4,91.8,120.0,141.2,71.0,71.4,82.0,83.0,80.0,3.4,3.8,4.0,3.3,12393.5,2827.3,2118.9,6264.4,8542.7,2772.5,18629.5,2372.2,94.2,4787200.8,74.2,81.0,94.3,106.3,108.1,100.1,105.4,1843.5
90,5742.5,1165.5,1469.1,1462.3,312378022.0,106.1,91.6,118.3,136.2,70.9,71.5,78.0,82.0,75.0,3.3,3.6,3.9,3.3,12880.1,2935.1,2264.7,6416.3,9006.8,2878.5,19441.5,2225.4,94.3,4665947.7,74.5,81.1,91.2,106.1,107.5,99.6,105.2,1854.0
91,7014.3,1143.4,1446.4,1407.0,314348164.0,105.6,91.4,116.8,135.0,70.9,71.6,69.0,71.0,67.0,3.0,3.3,3.6,3.0,13008.7,2939.5,2325.7,6772.3,8695.1,3036.4,19796.8,2103.6,91.1,4874533.2,74.5,81.5,94.0,105.9,107.6,99.2,105.1,1882.0
92,2472.8,1131.7,1438.4,1402.8,316884505.0,106.2,91.9,116.7,137.3,70.8,71.6,69.0,72.0,66.0,2.8,3.1,3.4,3.0,13090.8,3067.0,2440.7,6970.8,8839.9,3025.5,19482.6,2047.5,89.6,4954037.7,74.5,81.2,80.3,106.4,108.3,99.5,105.7,1905.1
93,4112.2,1124.8,1438.6,1446.0,322014520.0,106.6,92.5,116.9,138.3,70.7,71.9,68.0,69.0,66.0,2.8,3.1,3.3,3.0,13437.1,3116.2,2454.3,7216.2,8870.2,3060.3,20840.4,2086.2,95.2,4641955.7,74.5,81.3,83.0,107.1,108.6,99.6,106.1,1996.2
94,8030.2,1106.9,1400.9,1436.0,323461424.0,105.8,92.3,114.4,133.7,70.6,72.2,68.0,68.0,67.0,2.8,3.0,3.3,2.8,13096.5,2977.2,2503.6,7260.6,8928.3,3038.4,21641.8,2068.9,92.5,4914782.7,74.7,81.3,84.3,106.9,108.5,99.6,106.1,1912.1
95,7060.9,1087.5,1344.0,1395.9,326091468.0,105.1,92.0,111.3,129.7,70.6,72.5,66.0,67.0,65.0,2.8,3.0,3.3,2.8,13025.6,3010.2,2575.3,7405.5,9446.0,3070.0,22030.4,1980.1,97.2,4970434.0,74.9,81.7,82.4,106.5,108.7,99.2,105.6,1932.9
96,6264.5,1077.0,1288.1,1411.4,326968393.0,104.8,92.2,110.5,128.4,70.5,72.7,68.0,68.0,68.0,2.9,3.1,3.3,2.8,13104.1,3019.5,2635.9,7612.4,10395.2,3167.1,22656.9,2269.1,98.4,4646749.5,75.3,82.1,91.1,106.7,109.5,99.2,105.3,1997.1
97,7289.2,1065.4,1196.8,1415.7,328910278.0,105.0,92.7,110.4,127.4,70.5,72.8,69.0,70.0,68.0,2.8,3.1,3.2,2.8,13860.6,3142.1,2703.0,7776.1,11138.7,3282.7,23729.5,2385.4,99.2,5084388.1,75.4,82.3,80.3,107.4,110.5,99.4,105.6,1961.9
98,5158.1,1086.7,1166.4,1452.3,327395341.0,105.7,93.0,113.1,130.8,70.4,73.0,68.0,71.0,65.0,2.7,3.0,3.1,2.8,14054.5,3160.2,2633.6,7741.7,11559.4,3270.0,23020.3,2365.6,93.2,4624021.7,75.7,82.4,74.8,107.7,111.8,99.1,106.5,2026.5
99,5967.2,1102.2,1161.1,1427.5,327408423.0,105.3,93.0,113.4,129.8,70.4,73.3,71.0,75.0,68.0,2.6,2.9,3.0,2.8,14578.5,3267.5,2624.0,7795.3,12397.9,3308.1,22299.6,2236.6,96.3,4738513.0,75.9,82.4,90.1,107.6,110.8,99.4,106.8,2004.9
100,6383.0,1121.8,1148.4,1459.6,328799477.0,104.9,92.8,114.1,129.9,70.4,73.6,73.0,79.0,68.0,2.6,2.8,2.9,2.8,14839.8,3328.8,2712.0,7913.7,13860.9,3368.2,22737.0,2177.9,92.5,5260882.9,76.1,82.6,88.0,107.5,111.0,99.7,106.6,1964.0
101,8907.2,1110.7,1100.3,1441.5,328095419.0,104.6,92.8,113.1,127.6,70.4,73.7,73.0,80.0,67.0,2.6,2.9,3.0,2.5,15115.6,3455.9,2769.6,8348.8,13774.5,3311.4,22392.2,2300.6,97.9,4851048.5,76.4,82.8,91.0,107.5,110.3,99.8,106.8,2001.1
102,5383.0,1135.2,1165.7,1498.7,326439981.0,104.6,92.7,116.0,130.3,70.4,73.9,74.0,79.0,69.0,2.9,3.3,3.2,2.5,14909.6,3403.3,2602.6,7959.2,13677.3,3150.4,20803.3,1979.2,89.9,4486490.9,76.8,83.2,91.4,107.3,110.3,99.8,107.1,1863.3
103,6129.2,1127.2,1130.7,1475.1,329709314.0,104.5,92.9,114.9,129.2,70.4,74.2,70.0,72.0,67.0,2.9,3.5,3.4,2.5,15499.5,3626.4,2768.2,8276.0,13668.3,3221.9,21883.7,1993.8,95.4,4927234.1,77.2,83.4,96.7,107.6,110.4,100.0,107.1,1914.0
104,7303.8,1117.0,1142.1,1488.4,331093643.0,104.8,93.2,114.2,130.0,70.3,74.6,70.0,73.0,67.0,2.9,3.6,3.3,2.5,14810.3,3589.9,2721.4,8103.2,13388.9,3028.9,21731.4,2098.4,92.3,4521727.7,77.5,83.7,89.7,108.0,111.0,100.3,107.3,1926.4
105,6227.4,1087.4,1095.1,1449.0,336921772.0,104.7,93.4,111.4,127.0,70.4,75.2,72.0,75.0,70.0,2.9,3.5,3.3,2.5,15129.7,3771.5,2893.2,8594.4,14455.8,3167.9,22859.9,2174.7,103.9,4404040.6,77.6,83.8,79.2,108.2,111.9,100.6,107.4,1997.0
106,7861.9,1066.8,1089.6,1455.2,343225517.0,104.3,93.1,109.3,123.9,70.5,75.9,75.0,81.0,69.0,2.8,3.4,3.3,2.5,15545.8,3919.7,3068.0,9033.9,14327.9,3210.7,23206.4,2141.6,94.9,4862867.0,78.0,84.3,97.7,107.8,112.0,100.7,107.1,2030.1
107,4701.0,1062.8,1063.7,1434.2,345011747.0,104.1,93.1,108.5,123.4,70.6,76.4,74.0,78.0,70.0,2.9,3.6,3.4,2.5,16086.4,4059.9,3086.6,9405.3,15661.9,3176.4,23881.3,2220.5,101.0,4861955.2,78.3,84.5,90.9,107.8,111.9,100.7,106.9,2044.9
108,5947.4,1056.7,1021.5,1447.2,346459569.0,104.4,93.2,108.1,123.9,70.8,76.8,73.0,76.0,70.0,2.9,3.7,3.4,2.5,16576.7,4176.6,3109.0,9552.2,16291.3,3167.4,23306.4,2116.0,96.6,5090559.2,78.6,84.9,97.5,107.9,112.2,100.8,106.9,2011.3
109,4664.3,1064.8,1022.8,1451.2,348393811.0,104.7,93.7,108.3,123.5,70.8,77.1,72.0,76.0,69.0,2.9,3.6,3.3,2.5,15698.9,4103.9,3014.0,9306.5,14914.5,3027.2,22035.4,2033.1,93.6,4651447.4,78.9,85.3,80.6,108.5,113.3,100.7,107.3,1941.2
110,8019.6,1071.3,1048.6,1462.6,351791760.0,104.8,94.0,109.0,124.6,71.0,77.5,74.0,78.0,69.0,2.9,3.5,3.3,2.5,16321.7,4308.1,3149.2,9692.1,14841.1,3110.8,22837.0,2056.3,97.5,4800160.6,79.2,85.5,85.2,108.8,113.9,100.7,107.7,1980.0
111,5661.3,1070.9,1047.1,1480.5,354341349.0,104.7,94.2,108.5,124.0,71.2,77.9,75.0,81.0,69.0,2.9,3.5,3.3,2.5,16457.7,4199.0,3161.6,9555.9,14827.8,3188.6,22151.1,2033.3,104.1,4985651.0,79.3,85.9,97.9,109.0,113.3,100.9,108.4,1985.6
112,8999.4,1044.6,1018.6,1442.0,355845420.0,104.6,94.2,105.6,120.9,71.3,78.2,77.0,82.0,71.0,2.9,3.5,3.3,2.5,16580.8,4114.6,3198.4,9603.2,14304.1,3264.7,22134.0,2026.4,104.8,4985202.0,79.6,85.9,98.6,109.1,112.9,103.0,108.7,1961.8
113,8119.6,1025.0,1007.0,1406.7,360912745.0,104.6,94.4,103.9,118.8,71.4,78.3,74.0,79.0,69.0,2.8,3.4,3.3,2.5,16717.2,4242.6,3244.6,9943.3,14632.4,3295.9,23081.7,2039.2,102.9,4566660.6,79.7,85.9,96.5,109.3,113.0,103.5,109.1,1995.0
114,4514.2,1019.4,999.0,1385.5,366545511.0,104.6,94.2,103.8,118.8,71.4,78.4,71.0,77.0,66.0,2.7,3.3,3.2,2.5,16826.6,4408.2,3228.2,9833.1,15162.1,3255.7,23190.7,2048.3,102.0,4633940.2,80.0,86.1,93.4,109.1,112.9,103.4,109.3,2002.2
115,5921.4,1019.9,1003.0,1382.0,368026376.0,104.7,94.4,104.2,118.2,71.5,78.6,70.0,74.0,67.0,2.6,3.1,3.0,2.5,16563.3,4369.8,3115.5,9407.5,15620.8,3374.1,24756.9,2201.6,104.4,5399546.8,80.1,86.3,99.2,109.3,112.9,103.5,109.3,2076.1
116,7467.1,1025.4,996.0,1365.9,367534108.0,104.6,94.6,104.4,117.2,71.6,78.7,70.0,72.0,69.0,2.5,3.1,2.9,2.3,17098.5,4580.3,3172.6,9470.2,15424.6,3327.1,24742.1,2217.2,108.6,4951912.9,80.5,86.6,80.8,109.5,113.1,103.7,109.1,2068.5
117,6332.5,1033.2,962.5,1334.3,364406672.0,104.2,94.5,104.1,115.8,71.8,79.0,72.0,74.0,70.0,2.4,3.0,2.8,2.3,17042.9,4493.4,3225.9,9474.3,16173.5,3276.7,22933.0,2363.9,102.2,4853601.9,80.8,86.7,89.3,109.4,113.7,103.9,109.2,2020.1
118,6569.8,1060.3,982.7,1344.6,363723405.0,103.5,94.2,104.8,114.5,72.0,79.3,69.0,72.0,67.0,2.2,2.8,2.6,2.0,17390.5,4630.7,3113.3,9326.9,16413.8,3274.3,23998.1,2420.2,96.5,5319918.2,81.1,86.6,89.3,109.1,113.7,103.6,108.9,1964.4
119,9142.2,1095.1,942.9,1366.2,363095393.0,103.2,94.0,106.1,113.5,72.1,79.5,71.0,75.0,67.0,2.1,2.7,2.5,2.0,17828.2,4791.6,3250.9,9980.9,17459.9,3350.5,23987.5,2682.8,105.1,5050315.8,81.4,86.7,100.4,108.9,113.3,103.3,108.3,1980.8
120,7617.8,1104.3,925.1,1361.4,363592748.0,102.1,94.0,103.4,107.7,72.2,79.7,71.0,73.0,69.0,2.1,2.7,2.5,2.0,17823.1,4736.1,3146.4,9805.6,17450.8,3365.2,23605.0,3234.7,100.1,5804785.6,81.7,87.2,112.4,108.8,113.8,103.3,107.7,1915.6
121,11101.5,1088.9,919.9,1267.5,362186186.0,100.9,94.6,98.9,99.6,72.3,80.0,71.0,73.0,69.0,2.0,2.4,2.4,2.0,17165.0,4635.2,3351.4,10694.3,17674.4,3391.2,24507.1,3210.4,104.5,5244722.4,82.1,87.5,90.6,109.6,114.1,103.2,107.2,1949.3
122,7806.0,1098.4,926.4,1246.8,362370074.0,101.0,94.6,100.2,102.4,72.5,80.2,71.0,74.0,68.0,2.0,2.3,2.3,2.0,18132.7,4963.5,3599.0,11401.7,18797.9,3402.9,24823.3,3310.3,106.3,4442406.9,82.5,88.0,88.5,109.5,115.5,102.9,107.6,1985.8
123,9269.8,1112.6,924.4,1206.7,362750264.0,100.8,94.6,101.2,102.7,72.8,80.7,74.0,77.0,70.0,1.9,2.3,2.1,1.8,17776.1,4900.9,3697.4,11966.2,19207.0,3447.0,24900.9,3747.9,112.7,5672047.0,82.9,88.1,106.7,109.5,114.8,103.3,108.3,2041.0
124,9422.4,1088.7,910.7,1175.3,369902086.0,100.8,94.6,99.3,100.2,73.2,81.2,78.0,80.0,76.0,1.7,2.2,2.0,1.8,17840.5,4941.4,3615.6,11454.4,19520.0,3487.4,28133.0,4441.7,115.3,5817643.2,83.3,88.3,101.6,109.6,114.6,103.8,108.5,2127.2
125,6420.1,1091.3,904.5,1219.3,371505613.0,100.9,94.9,100.4,101.5,73.4,81.5,75.0,73.0,76.0,1.9,2.5,2.1,1.8,18010.7,5070.0,3570.8,11413.8,20563.2,3392.1,27424.2,4611.7,109.3,4831074.3,83.7,88.0,96.6,109.9,114.4,104.1,109.1,2114.8
126,9966.9,1112.2,899.0,1247.2,374749258.0,100.8,94.9,101.5,102.1,73.8,82.0,66.0,66.0,65.0,1.8,2.5,2.0,1.5,17619.5,4986.9,3424.3,10945.0,20235.7,3317.3,26250.0,4277.2,100.9,6160056.1,83.9,88.2,105.5,109.9,114.4,103.8,109.4,2074.2
127,8813.7,1143.2,927.5,1257.7,370822336.0,100.5,95.1,102.1,101.6,74.1,82.4,70.0,70.0,69.0,1.8,2.5,2.0,1.5,17689.9,5128.3,3600.7,11309.0,20585.2,3202.5,24636.3,3663.7,102.9,6243315.0,84.2,88.5,106.3,110.1,114.8,103.7,109.5,2030.2
128,7878.7,1179.1,958.3,1312.9,367938017.0,99.8,95.2,102.7,101.2,74.4,82.8,69.0,68.0,70.0,1.7,2.3,2.0,1.5,16528.0,4776.5,3269.6,10259.5,18890.5,2921.4,21670.6,3206.0,95.6,5585739.5,84.4,89.2,94.3,110.2,115.4,103.8,109.3,1941.5
129,9240.0,1184.8,985.7,1331.3,368113633.0,99.4,95.0,101.9,100.6,74.7,83.2,69.0,68.0,70.0,1.7,2.2,1.9,1.5,16284.7,4620.2,3100.7,9660.4,17388.2,2790.9,20846.3,3052.8,100.8,5825829.6,84.9,90.0,97.6,110.0,115.5,103.9,109.1,1962.8
130,8664.0,1148.2,955.9,1288.9,369600626.0,98.7,95.0,98.0,97.5,75.0,83.6,73.0,71.0,74.0,1.6,2.1,2.0,1.5,17663.5,5053.8,3418.2,10850.1,19083.1,2998.4,22640.0,3382.6,109.7,5954337.9,85.1,90.7,102.5,110.0,115.0,103.9,109.1,2029.5
131,7824.3,1152.0,940.3,1238.1,368463398.0,98.3,94.8,96.9,95.8,75.3,84.0,69.0,68.0,70.0,1.8,2.3,2.1,1.5,17719.9,5108.7,3506.5,11382.2,19747.5,2855.9,21996.4,3445.4,106.1,5813971.8,85.4,90.8,97.9,109.7,115.0,103.5,108.8,1992.0
132,8711.0,1172.2,962.5,1275.3,367961865.0,98.1,95.1,97.0,94.8,75.4,84.2,69.0,67.0,70.0,1.7,2.2,2.1,1.5,17425.0,5007.4,3267.5,10743.0,19033.7,2882.7,21914.4,3539.2,101.4,6201609.5,85.4,90.9,111.8,110.1,115.6,103.5,108.5,1961.3
133,9684.8,1201.7,1017.4,1306.3,367293330.0,97.6,95.2,97.4,93.3,75.5,84.3,67.0,65.0,68.0,1.6,2.0,2.1,1.5,16466.3,4614.0,3045.1,9798.1,17518.3,2629.1,19683.1,2737.6,96.3,5599928.6,85.5,90.8,86.8,110.3,116.2,103.0,108.7,1912.1
134,7519.0,1217.4,1060.2,1348.8,365758112.0,97.6,95.6,98.2,94.8,75.6,84.5,63.0,63.0,64.0,1.5,1.8,2.0,1.5,16516.5,4558.0,2945.8,9495.4,16026.8,2666.5,19111.9,2688.0,94.7,5192420.3,85.5,91.0,83.0,110.7,118.0,103.2,108.7,1916.7
135,10875.3,1188.2,1051.7,1322.2,369839889.0,97.5,95.4,97.0,94.9,75.6,84.6,68.0,68.0,68.0,1.5,1.9,2.0,1.5,17685.1,4869.9,3004.9,9965.5,16758.7,2840.9,20776.7,3003.9,103.7,6344090.8,85.8,91.0,103.7,110.4,117.5,103.3,109.2,1995.9
136,6619.7,1147.5,1044.3,1300.7,372481509.0,97.7,95.6,94.1,93.1,75.6,84.7,70.0,71.0,70.0,1.5,1.8,1.9,1.5,17773.6,4775.4,3028.2,10039.0,16666.1,2838.5,21067.1,2938.3,100.8,6072348.8,86.1,91.2,99.1,110.7,117.2,103.5,109.7,1994.2
137,9703.4,1171.5,1074.8,1323.6,370896643.0,97.9,95.6,96.4,96.4,75.7,84.8,71.0,71.0,71.0,1.5,1.8,1.9,1.5,17787.2,4948.1,3063.5,10262.7,17235.0,2791.1,20815.1,2916.6,96.9,6035393.6,86.5,91.7,102.2,110.7,116.8,103.6,110.2,1983.4
138,10986.1,1170.5,1107.5,1315.4,369889849.0,98.1,95.6,96.5,97.1,75.7,84.9,71.0,71.0,71.0,1.3,1.6,1.8,1.3,17930.0,4842.7,2864.7,9680.1,15575.9,2840.9,20794.4,2929.6,91.6,6539869.4,86.7,92.1,112.3,110.7,116.5,103.5,110.5,1970.4
139,7581.0,1144.1,1099.1,1265.4,371383929.0,98.0,95.4,94.5,94.4,75.8,85.0,71.0,72.0,70.0,1.2,1.4,1.7,1.3,18432.2,5162.1,2990.8,10337.5,16569.3,2868.7,21891.4,2979.3,104.9,6280681.1,87.1,92.6,99.5,110.5,116.8,103.3,110.4,2016.2
140,6282.8,1111.7,1097.6,1246.0,375459420.0,98.1,95.7,92.7,92.7,75.9,85.1,72.0,71.0,73.0,1.2,1.4,1.6,1.3,18400.9,5213.2,3023.1,10592.7,16887.4,2820.6,22976.9,3085.5,98.4,6492124.4,87.5,93.0,101.7,110.8,116.9,103.3,110.5,2034.7
141,6272.0,1107.5,1087.5,1241.1,377770474.0,98.3,96.2,93.5,92.9,76.0,85.1,72.0,71.0,73.0,1.3,1.5,1.7,1.3,18308.2,5312.0,3002.2,10511.0,16449.8,2869.5,23297.2,3004.7,90.4,5988106.7,87.9,93.0,96.2,111.4,117.7,103.4,110.7,2043.6
142,6239.3,1125.3,1084.1,1240.6,375166658.0,98.6,96.4,96.6,96.9,76.2,85.3,71.0,71.0,72.0,1.4,1.6,1.8,1.3,18142.4,5189.1,3055.3,10665.0,17425.0,2813.9,22934.5,3100.5,91.4,6226367.6,88.3,93.1,101.3,111.6,117.6,104.0,110.9,2008.2
143,6926.4,1161.6,1074.2,1254.4,371985331.0,99.0,96.2,100.3,99.3,76.4,85.5,73.0,72.0,73.0,1.6,2.0,2.0,1.3,19123.6,5323.7,3051.6,10640.3,18308.5,2905.2,22789.8,3250.0,91.5,6426473.5,88.6,93.6,109.9,111.4,117.7,104.0,110.7,1983.5
144,9232.8,1182.3,1019.4,1245.5,371101605.0,99.9,96.3,103.4,103.5,76.5,85.5,73.0,72.0,74.0,1.7,2.2,2.2,1.3,19762.6,5383.1,3290.5,11481.1,19114.4,2880.8,22000.6,3103.6,94.3,6651937.5,89.1,94.0,124.3,111.5,117.9,103.8,110.7,2026.5
145,6908.6,1185.1,1029.6,1257.7,374036338.0,101.4,97.4,104.6,105.8,76.5,85.5,74.0,75.0,74.0,1.6,2.1,2.1,1.3,19864.1,5614.8,3230.7,11535.3,19041.3,3046.8,23360.8,3159.2,98.5,6032404.1,89.5,94.6,96.9,112.7,119.2,103.6,111.4,2067.6
146,8166.7,1144.9,1012.8,1219.5,373908551.0,101.7,97.6,103.2,103.5,76.5,85.6,74.0,76.0,73.0,1.7,2.2,2.1,1.3,20812.2,5825.4,3319.6,11834.4,19119.0,3096.6,23740.7,3241.7,98.1,5972352.6,89.9,94.9,99.2,113.0,118.9,103.5,111.7,2091.6
147,5326.2,1134.8,1004.4,1213.1,375302146.0,101.7,97.6,101.8,101.3,76.5,85.6,78.0,79.0,76.0,1.7,2.2,2.2,1.3,20663.2,5911.7,3500.9,12312.9,18909.3,3175.1,24111.6,3222.5,100.7,6720919.5,90.3,95.3,125.5,113.0,118.6,103.5,111.8,2160.2
148,6866.7,1132.7,1029.0,1213.4,376573253.0,101.5,97.4,102.5,101.7,76.5,85.6,80.0,83.0,78.0,1.7,2.2,2.2,1.3,20940.5,6047.6,3559.6,12438.0,19196.7,3175.4,24615.1,3154.7,114.1,6448501.2,90.7,95.5,115.5,112.8,118.6,103.9,112.1,2205.4
149,3163.6,1125.3,1002.9,1245.1,378456235.0,101.2,97.5,101.3,100.3,76.6,85.6,80.0,82.0,79.0,1.7,2.3,2.2,1.3,21008.7,6198.5,3554.6,12615.1,19650.6,3210.8,25660.7,3117.2,115.7,6174774.4,91.1,95.9,123.0,112.9,118.7,104.0,112.2,2347.4
150,5605.0,1130.0,1019.2,1268.8,380568047.0,100.8,97.3,101.0,99.1,76.7,85.7,77.0,78.0,75.0,1.7,2.2,2.2,1.3,21349.6,6140.4,3441.9,12325.1,20033.4,3226.5,25764.6,3192.4,111.4,7137819.8,91.5,96.1,131.9,112.7,118.5,103.9,112.3,2391.8
151,6131.3,1134.4,1008.7,1305.9,383755561.0,100.9,97.5,102.2,99.6,76.9,85.7,78.0,78.0,79.0,1.7,2.3,2.3,1.3,21891.1,6348.1,3449.4,12118.3,19925.2,3329.5,27324.0,3273.0,111.3,6750921.7,91.8,96.3,120.2,112.9,118.4,103.7,112.3,2402.7
152,7060.8,1130.8,1029.7,1336.5,384839045.0,101.4,98.1,102.7,101.1,77.1,85.8,77.0,78.0,75.0,1.8,2.3,2.3,1.3,21948.1,6428.7,3421.5,12055.8,19646.2,3277.3,27970.3,3360.8,96.0,6909821.9,92.2,96.5,114.1,113.5,118.9,103.9,112.6,2363.2
153,9283.9,1131.6,1022.5,1347.9,384673968.0,102.0,98.2,103.9,102.9,77.1,85.8,81.0,83.0,79.0,1.8,2.3,2.3,1.3,22405.1,6496.0,3594.9,12828.9,20356.3,3219.9,27554.3,3348.9,101.3,7078827.2,92.4,96.9,120.3,113.7,119.6,104.2,113.2,2394.5
154,4654.9,1131.6,1001.7,1331.3,384462718.0,102.1,98.1,104.5,103.5,77.2,85.9,78.0,81.0,76.0,2.0,2.5,2.6,1.3,23377.2,6727.7,3674.0,13229.6,22011.6,3374.1,28245.5,3393.3,109.8,5476338.8,92.7,97.0,100.9,113.6,119.8,104.2,113.1,2523.4
155,6777.4,1105.0,978.9,1296.2,387251220.0,102.0,97.3,102.8,103.3,77.3,85.9,80.0,83.0,79.0,2.2,2.5,2.7,1.5,24272.4,6874.0,3569.9,13024.0,22725.0,3433.5,29177.4,3317.2,117.0,7141194.7,92.9,97.4,118.4,112.7,119.8,104.5,113.1,2476.4
156,5286.7,1085.8,961.2,1284.4,389266683.0,102.1,97.7,101.3,102.5,77.4,85.9,81.0,81.0,81.0,2.1,2.5,2.6,1.5,24719.2,6903.4,3504.0,12917.6,22764.9,3402.9,29919.2,3307.2,109.2,6979800.3,93.0,97.2,130.5,113.1,120.1,104.8,113.1,2467.5
157,6354.7,1066.7,960.7,1299.6,395754579.0,102.5,98.1,101.0,103.4,77.6,85.9,78.0,77.0,80.0,2.2,2.6,2.7,1.5,26149.4,7411.5,3609.3,13189.5,23098.3,3534.0,32887.3,3480.8,112.8,7169435.6,93.3,97.5,117.9,113.6,120.9,104.9,113.7,2566.5
158,3869.8,1079.6,998.1,1332.2,394798667.0,103.0,98.9,102.3,103.8,77.7,85.9,77.0,75.0,79.0,2.3,2.8,2.8,1.5,25029.2,7273.0,3439.0,12435.9,22068.2,3517.9,30844.7,3259.4,105.1,6037596.1,93.5,97.8,110.2,114.5,122.4,104.9,114.2,2427.4
159,6136.7,1071.9,1011.0,1322.9,396753590.0,102.9,98.8,100.8,104.4,77.9,85.9,77.0,74.0,79.0,2.3,2.7,2.8,1.5,24103.1,7063.5,3361.5,12096.7,21454.3,3428.0,30093.4,3168.9,103.4,6905071.0,93.8,98.0,128.3,114.3,121.0,104.6,114.5,2445.9
160,6055.6,1067.8,993.5,1311.8,398421500.0,103.0,98.9,101.0,105.5,78.0,85.9,79.0,77.0,80.0,2.2,2.7,2.8,1.5,24163.2,7066.3,3536.5,12612.1,22467.9,3613.9,30808.5,3082.2,105.1,7081915.1,93.8,98.1,118.7,114.5,120.8,104.5,114.9,2515.4
161,8218.6,1076.4,981.3,1271.8,398980563.0,103.3,99.0,102.8,108.6,78.1,85.9,81.0,78.0,84.0,2.3,2.8,2.9,1.5,24415.8,7442.1,3406.7,12604.9,22201.8,3428.2,30468.6,3095.5,105.6,6787254.4,94.1,98.2,118.1,114.6,120.6,104.7,115.4,2423.0
162,5562.2,1092.8,993.3,1275.1,400298586.0,103.4,98.8,103.6,110.0,78.2,85.8,80.0,80.0,80.0,2.2,2.7,2.8,1.5,24271.4,7510.3,3395.6,12306.0,22304.5,3268.7,28955.1,2847.4,101.8,6734058.9,94.3,98.5,115.5,114.4,120.6,104.6,115.6,2326.1
163,6708.3,1122.8,1007.8,1312.0,402447534.0,103.9,98.6,106.1,111.5,78.3,85.8,75.0,74.0,76.0,2.1,2.5,2.8,1.5,25415.2,7671.8,3525.5,12805.5,22553.7,3319.9,28583.0,2876.4,91.4,7426721.1,94.5,98.6,109.7,114.1,120.9,104.6,115.6,2295.3
164,9339.6,1121.2,1009.8,1296.1,401131047.0,104.3,99.5,106.1,111.2,78.5,85.8,74.0,73.0,74.0,2.0,2.5,2.7,1.5,25964.8,8109.5,3392.9,12364.1,22865.2,3213.5,27888.6,2725.3,96.4,7173348.0,94.5,98.6,103.3,115.2,121.7,105.3,115.6,2322.9
165,8180.6,1120.6,1002.8,1304.7,402999746.0,104.6,100.2,106.3,113.0,79.2,85.9,75.0,73.0,76.0,2.0,2.3,2.4,1.5,26458.3,8046.4,3399.2,12246.7,24120.0,3257.1,27788.5,2821.4,101.1,5974287.2,94.6,98.5,97.6,116.0,122.5,105.4,115.8,2343.1
166,7270.2,1130.8,1003.0,1299.6,402747935.0,104.3,100.0,106.8,115.0,79.7,86.0,73.0,71.0,76.0,2.0,2.3,2.5,1.5,25115.8,7305.9,3197.5,11447.5,21920.5,3018.8,24979.7,2602.8,87.4,7378457.3,94.6,98.5,107.2,115.8,122.7,105.7,116.0,2029.7
167,4393.7,1128.6,996.0,1282.4,402987219.0,103.5,99.3,103.5,109.4,79.8,86.0,74.0,73.0,74.0,1.9,2.2,2.4,1.8,25538.5,7330.5,3173.1,11257.2,22351.1,3117.6,26506.8,2588.2,93.8,7465356.6,94.6,98.5,105.6,115.0,122.3,105.5,115.6,2096.9
168,5376.9,1122.9,999.2,1277.0,403694264.0,103.0,99.0,100.6,105.3,79.9,86.0,72.0,71.0,73.0,1.8,2.0,2.3,1.8,23327.5,6635.3,3001.4,10559.0,20014.8,3068.8,25845.7,2493.9,92.5,7341960.4,94.7,98.6,112.5,114.6,122.4,105.2,115.2,2041.0
169,6676.4,1122.0,1030.5,1281.5,405513163.0,102.9,98.9,99.2,105.1,79.9,86.0,69.0,67.0,71.0,1.8,2.0,2.3,1.8,24999.7,7281.7,3159.4,11173.1,20773.5,3190.2,27942.5,2584.6,97.4,7606310.3,94.8,99.0,100.2,114.5,123.0,105.2,115.4,2204.9
170,2318.2,1122.5,1016.5,1272.5,404673960.0,103.0,99.3,99.7,107.5,79.8,85.8,69.0,69.0,70.0,1.8,2.0,2.2,1.8,25916.0,7532.5,3298.3,11515.6,21385.2,3212.7,28633.2,2941.0,96.0,5866604.8,95.0,98.7,82.7,115.0,124.2,105.2,115.9,2195.4
171,4398.7,1130.7,1017.4,1278.5,405252892.0,103.4,99.1,99.8,109.3,79.7,85.7,73.0,73.0,73.0,1.8,2.0,2.2,1.8,25928.7,7729.3,3351.7,11526.0,21205.8,3212.9,29051.4,3090.8,95.9,7193812.5,95.3,98.8,109.0,114.8,123.8,105.2,116.6,2140.7
172,4130.1,1141.0,1021.9,1281.8,404029052.0,103.7,99.5,100.5,111.2,79.6,85.6,74.0,75.0,74.0,1.7,1.9,2.2,1.8,26592.9,8095.4,3514.6,12344.1,22258.7,3400.2,29699.1,3078.3,101.7,8005998.1,95.6,98.8,113.6,115.2,123.9,105.5,117.2,2203.6
173,5429.9,1183.3,1075.9,1323.7,401972476.0,103.8,99.7,103.1,113.6,79.6,85.5,73.0,76.0,71.0,1.7,1.8,2.2,1.8,24815.0,7453.2,3280.4,11726.8,20601.2,3117.8,26901.1,2898.7,94.9,7646214.3,95.7,99.3,108.6,115.4,123.9,105.5,117.4,2041.7
174,3950.0,1175.6,1087.7,1327.3,403071937.0,103.5,99.5,100.8,109.4,79.5,85.4,74.0,75.0,74.0,1.5,1.6,2.0,1.8,26600.0,8006.2,3473.7,12398.8,21275.9,3321.6,28542.6,2978.9,95.0,7156551.6,95.7,99.5,107.8,115.2,123.8,105.3,117.5,2130.6
175,5522.1,1175.3,1085.9,1319.4,403112528.0,103.5,99.2,100.4,110.2,79.5,85.3,73.0,73.0,72.0,1.4,1.5,1.9,1.5,26864.3,8175.4,3466.9,12189.0,21521.5,3300.8,27777.8,2932.5,89.6,8200643.4,95.8,99.7,107.7,114.8,124.2,105.3,117.7,2024.6
176,5770.4,1209.0,1137.5,1345.6,401483478.0,103.7,99.4,101.8,111.0,79.5,85.3,69.0,68.0,70.0,1.2,1.3,1.7,1.5,26403.3,7962.9,3426.8,11939.3,20704.4,3106.5,25724.7,2886.2,83.5,7708830.0,95.9,100.0,102.0,115.1,125.2,105.5,117.7,1967.8
177,5033.4,1197.6,1115.7,1318.5,403320096.0,103.8,99.8,101.0,110.7,79.6,85.3,72.0,71.0,72.0,1.3,1.4,1.8,1.5,26916.8,7999.3,3569.5,12428.1,21755.8,3120.0,26092.3,2905.2,95.3,7263623.6,96.3,100.3,97.4,115.5,126.2,105.6,117.8,2063.1
178,6618.0,1184.1,1094.2,1309.0,406323989.0,103.6,100.0,98.9,108.1,79.7,85.4,73.0,72.0,74.0,1.4,1.6,1.9,1.3,27046.2,8292.4,3604.4,12866.8,22927.0,3229.9,26906.7,2929.1,93.0,8018838.0,96.8,100.5,106.9,115.8,127.3,105.9,118.0,2083.5
179,5444.7,1167.5,1072.9,1290.6,407460269.0,103.4,99.5,96.7,107.1,79.8,85.4,74.0,74.0,75.0,1.5,1.8,2.0,1.3,28051.4,8665.5,3703.6,13236.4,23293.9,3193.9,26346.5,2872.0,104.0,8104711.6,97.4,100.5,107.4,115.2,127.8,106.0,118.0,2088.0
180,4384.4,1175.8,1077.2,1306.3,408816146.0,103.7,99.7,97.4,108.8,80.1,85.6,76.0,74.0,78.0,1.4,1.7,1.9,1.3,28538.4,8972.6,3745.2,13249.0,23656.6,3222.8,28189.8,3050.1,105.6,8598158.5,98.0,101.1,125.7,115.5,127.8,106.0,117.9,2197.7
181,4356.0,1164.3,1065.3,1293.7,409652586.0,104.1,100.1,96.8,107.9,80.3,85.7,75.0,76.0,73.0,1.4,1.7,2.0,1.3,28256.0,9150.9,3640.9,12982.0,23205.2,3153.7,26312.6,2976.5,102.0,8051022.8,98.3,101.4,97.8,115.9,129.6,106.0,118.3,2119.0
182,5581.5,1193.8,1085.0,1302.3,409171436.0,103.7,100.2,97.6,106.4,80.6,85.9,65.0,65.0,64.0,1.3,1.5,1.8,1.3,25409.4,8567.4,3329.5,11890.4,21143.0,3011.1,26129.9,2880.3,82.0,7906007.3,98.6,101.0,96.4,116.0,130.7,105.8,118.6,1987.0
183,6529.6,1220.1,1134.8,1350.4,400214398.0,102.8,99.9,96.1,100.7,81.1,86.0,54.0,56.0,53.0,1.1,1.5,1.8,0.8,21917.2,7700.1,2786.9,9935.8,18917.0,2481.2,23603.5,2750.3,71.2,9269856.0,98.4,100.1,120.7,115.7,129.1,105.8,118.4,1754.6
184,-1076.5,1225.2,1135.3,1331.7,403982333.0,101.9,99.5,94.0,95.0,81.3,86.1,51.0,52.0,50.0,1.0,1.5,2.1,0.8,24633.9,8914.7,2996.1,11107.7,19771.2,2574.7,24643.6,2822.4,80.4,8611922.8,98.5,99.2,115.4,115.2,127.9,105.7,117.6,1947.6
185,1621.3,1228.7,1145.7,1338.7,407310604.0,102.0,99.4,94.5,98.8,81.4,86.1,53.0,49.0,56.0,0.9,1.4,2.2,0.5,25383.1,9489.9,3050.2,11586.9,21877.9,2510.8,22961.5,2852.4,90.4,7988371.8,98.5,98.3,111.3,115.1,126.9,105.6,117.6,2029.6
186,5759.6,1210.0,1124.7,1361.8,410754278.0,102.5,99.7,95.0,101.3,81.8,86.4,56.0,51.0,60.0,0.9,1.4,2.2,0.5,25812.9,10058.8,3234.1,12310.9,22288.1,2589.9,24427.2,2984.7,98.8,9116289.5,99.1,98.5,122.1,115.4,126.9,105.4,118.2,2108.3
187,6551.9,1198.9,1122.4,1373.0,416525863.0,102.7,99.6,95.1,100.4,82.5,86.8,62.0,59.0,65.0,0.8,1.4,2.2,0.5,26428.3,10745.3,3174.3,12313.4,21710.0,2529.8,24595.4,3310.0,106.0,8966197.4,99.7,98.8,115.7,115.4,126.4,105.5,118.8,2249.4
188,6064.5,1186.9,1119.5,1403.4,418950799.0,103.2,100.2,95.0,99.3,83.1,87.2,66.0,66.0,66.0,0.8,1.4,2.2,0.5,28430.1,11775.5,3272.5,12945.4,23139.8,2532.5,25177.1,3395.7,99.5,8024903.0,100.5,99.4,100.2,116.0,128.1,105.6,119.2,2326.2
189,6318.6,1178.8,1116.0,1391.0,420545100.0,103.4,100.7,95.0,98.2,83.8,88.0,64.0,68.0,62.0,0.9,1.5,2.2,0.5,27452.7,11085.3,3214.3,12825.8,23539.1,2471.6,23275.5,3224.4,99.4,8860923.9,101.1,100.0,114.9,116.6,128.4,105.4,119.4,2327.9
190,13843.1,1144.7,1088.1,1347.6,426509822.0,103.0,100.2,92.7,96.1,84.4,88.7,74.0,79.0,69.0,0.9,1.5,2.2,0.5,26501.6,10911.6,2958.2,11556.5,22977.1,2423.8,24107.4,3224.5,104.8,8658569.4,101.7,100.6,104.9,116.0,128.0,105.3,119.4,2267.2
191,8445.6,1116.8,1069.4,1320.7,436377224.0,103.1,100.1,92.3,96.1,85.6,90.2,78.0,85.0,73.0,1.0,1.6,2.2,0.5,29638.6,12198.7,3492.5,13291.2,26433.6,2806.0,26341.5,3391.8,112.7,9656144.2,102.5,101.3,112.3,115.9,127.2,104.9,119.3,2591.3
192,11906.4,1095.1,1054.8,1331.8,443098121.0,103.9,100.3,92.8,98.0,86.7,91.2,75.0,82.0,68.0,1.0,1.7,2.2,0.5,30606.5,12888.3,3552.6,13718.8,27444.2,2843.8,27231.1,3473.1,113.4,10354240.3,103.1,101.4,132.8,116.2,128.1,104.7,119.5,2873.5
193,8992.9,1097.5,1058.5,1336.3,442727709.0,105.1,101.0,94.9,101.6,87.8,91.9,77.0,85.0,70.0,1.0,1.7,2.1,0.5,29982.6,13070.7,3481.4,13432.9,27663.4,2902.5,28283.7,3483.1,114.0,9362498.2,103.8,101.4,117.6,117.0,129.3,105.3,120.0,2976.2
194,7360.9,1111.7,1055.1,1344.6,447557482.0,105.9,101.6,98.2,106.1,89.0,92.6,76.0,82.0,72.0,1.0,1.8,2.1,0.5,30932.4,13192.4,3636.4,13786.3,28966.0,2949.0,28980.2,3509.1,107.1,8374669.5,104.3,101.7,103.9,117.6,130.1,105.3,120.6,3013.0
195,7692.6,1131.0,1040.9,1346.7,446127385.0,107.0,101.8,101.8,109.8,90.1,93.3,83.0,89.0,77.0,1.1,2.0,2.1,0.5,32981.6,13246.9,3919.2,15008.3,29178.8,3165.3,28378.4,3441.9,114.1,10562202.7,104.9,102.5,132.4,117.9,129.5,105.4,121.5,3061.4
196,6945.8,1119.4,1026.0,1338.5,452309658.0,108.1,102.0,104.5,109.6,91.1,93.8,88.0,96.0,82.0,1.1,2.0,2.0,0.5,33874.9,13962.7,3974.7,15135.9,28812.6,3218.3,28724.9,3446.9,119.4,10888564.7,105.6,103.5,135.0,118.1,129.1,104.5,122.5,3147.9
197,9934.5,1123.3,1029.1,1363.9,456458881.0,108.7,102.1,106.4,112.8,92.0,94.4,88.0,96.0,81.0,1.1,2.1,1.9,0.5,34529.5,13748.7,4039.5,15421.1,28860.1,3164.3,29151.8,3615.5,115.5,9110842.1,106.4,103.8,124.3,118.2,129.0,104.8,123.5,3203.9
198,8304.0,1121.3,1018.5,1351.9,454105865.0,109.2,102.1,107.4,115.9,93.2,95.2,88.0,98.0,81.0,1.3,2.1,1.9,0.5,34502.5,14504.0,4064.3,15531.0,28791.5,3130.5,28828.0,3591.2,118.4,10692182.3,107.0,103.8,135.6,118.2,128.5,104.9,124.6,3296.7
199,6564.5,1144.0,1037.3,1352.7,458680900.0,110.3,102.3,111.6,120.1,94.3,96.1,87.0,97.0,79.0,1.4,2.0,1.9,0.5,34935.5,14672.7,4089.3,15544.4,27283.6,3166.9,25961.0,3397.4,117.3,10766237.4,107.2,104.0,128.6,118.4,128.8,105.2,125.2,3202.3
200,6071.9,1160.3,1056.3,1365.6,463933550.0,110.9,102.8,113.0,121.6,95.7,97.0,87.0,95.0,81.0,1.4,1.9,1.8,0.8,35360.7,15259.2,4196.4,15835.1,28089.5,3055.1,25879.0,3543.9,109.8,10600569.1,107.2,104.1,113.5,119.0,129.0,105.2,125.5,3199.3
201,6524.7,1169.5,1061.2,1378.2,463972259.0,111.3,103.2,114.4,124.4,97.1,98.0,84.0,90.0,79.0,1.5,2.1,2.0,0.8,33843.9,14448.6,4048.1,15260.7,29452.7,3086.7,24575.6,3568.2,106.4,9739652.6,107.1,104.3,109.2,119.5,129.0,105.6,125.8,3068.8
202,4621.4,1182.8,1044.9,1372.2,469207742.0,112.4,103.4,116.9,130.9,98.1,98.6,86.0,90.0,84.0,1.8,2.4,2.3,0.8,35819.6,15498.4,4250.6,15688.8,28892.7,3198.2,25377.2,3547.3,104.4,9326308.8,107.0,104.8,108.1,119.7,129.9,105.4,126.8,2970.7
203,5902.1,1182.9,1036.4,1350.4,463907617.0,113.2,103.9,115.8,129.6,99.2,99.3,86.0,90.0,83.0,2.0,2.4,2.5,1.0,34483.7,15537.7,4063.1,15100.1,27821.8,3041.3,23475.3,3563.9,110.8,10622342.1,107.0,105.3,122.2,120.3,130.4,105.6,127.5,2839.0
204,6313.2,1183.7,1039.5,1338.2,463118362.0,113.2,104.0,114.4,127.0,99.7,99.7,87.0,95.0,82.0,1.8,2.2,2.4,1.0,36338.3,15645.0,4298.4,15884.9,28791.7,3123.7,23397.7,3639.8,111.5,11588114.4,107.2,106.2,141.4,120.5,130.0,105.6,127.9,2977.7
205,6527.8,1194.0,1039.6,1353.2,461526656.0,114.4,104.7,115.8,132.7,100.0,100.0,86.0,90.0,83.0,2.1,2.5,2.6,1.3,35131.9,14239.9,4174.6,15471.2,27002.0,3249.6,23802.3,3361.4,103.3,10794012.8,107.6,107.0,117.8,121.2,130.6,105.8,128.9,2663.3
206,6374.3,1198.3,1039.9,1359.9,461766293.0,115.0,105.3,118.3,138.7,100.2,100.2,85.0,91.0,81.0,2.3,2.7,2.9,1.3,33892.6,13751.4,3924.2,14461.0,26526.8,3242.2,22713.0,3462.3,103.7,9218144.1,107.7,107.5,106.4,121.9,131.4,106.2,130.1,2699.2
207,7126.1,1221.0,1028.6,1345.3,457810337.0,116.7,106.1,125.6,149.2,100.3,100.3,83.0,84.0,81.0,2.4,2.8,3.0,1.3,34678.4,14220.5,3902.5,14414.8,27821.4,3408.5,21996.9,3252.2,103.6,10928215.9,107.7,107.7,125.3,122.8,131.4,106.6,131.9,2757.7
208,5887.9,1232.3,977.4,1334.1,449297713.0,118.6,106.9,127.5,148.4,100.5,100.5,86.0,87.0,85.0,2.9,3.2,3.6,1.5,32977.2,12334.6,3802.9,14097.9,26847.9,3356.9,21089.4,3047.1,104.7,11127400.8,108.0,107.6,119.3,123.7,131.9,107.1,132.6,2695.1
209,3861.4,1269.9,985.5,1342.4,447711119.0,119.4,107.6,131.3,154.0,100.8,100.8,86.0,86.0,86.0,3.0,3.3,3.8,1.8,32990.1,12081.4,3789.2,14388.4,27279.8,3232.5,21415.2,3186.4,103.2,11176379.6,108.5,107.8,131.1,124.5,131.7,107.4,134.1,2685.9
210,2073.9,1277.4,951.3,1349.0,438278346.0,120.1,108.2,132.6,154.9,100.9,100.9,82.0,83.0,82.0,3.5,3.6,4.2,1.8,30775.4,11028.7,3454.9,12783.8,26393.0,3102.2,21859.8,3398.6,84.6,10658938.6,108.9,108.0,135.1,125.3,131.7,107.4,135.9,2332.6
211,-460.0,1307.4,955.9,1332.9,438605367.0,120.4,108.7,129.4,150.8,100.9,101.0,80.0,80.0,80.0,3.2,3.3,4.1,2.3,32845.1,12390.7,3708.1,13484.1,27801.6,3211.6,20156.5,3253.2,91.4,10735644.3,109.0,108.5,126.3,125.9,132.3,107.9,135.9,2451.5
212,-1852.6,1318.4,975.2,1334.5,436432145.0,120.0,108.6,127.6,149.5,100.7,100.9,81.0,80.0,82.0,3.2,3.3,4.2,2.5,31510.4,11816.2,3517.3,12835.0,28091.5,3221.7,19954.4,3202.1,97.9,11083175.9,109.1,109.1,129.2,125.8,132.2,108.3,135.8,2472.1
213,-468.8,1391.6,973.2,1377.1,416766652.0,120.1,108.9,131.2,154.5,100.6,100.8,78.0,74.0,81.0,3.9,3.9,4.9,2.5,28725.5,10575.6,3318.2,12114.4,25937.2,3130.2,17222.8,3024.4,86.1,10410008.6,109.3,109.3,122.3,126.1,132.6,108.7,136.1,2155.5
214,-931.3,1426.7,969.4,1404.8,414005699.0,120.7,109.2,132.7,156.3,100.0,100.3,76.0,72.0,79.0,4.2,4.3,5.4,3.0,32733.0,10988.2,3617.5,13253.7,27587.5,3093.1,14687.0,2893.5,80.2,9918059.3,109.5,109.3,126.1,126.4,132.7,109.4,136.7,2293.6
215,-591.2,1364.1,956.5,1388.3,416104905.0,120.3,109.1,125.5,147.7,98.9,98.8,75.0,74.0,76.0,3.9,3.9,5.5,3.3,34589.8,11468.0,3964.7,14397.0,27969.0,3290.5,18597.2,3151.3,88.5,11328163.7,109.6,108.9,135.3,126.3,132.4,109.6,136.5,2472.5
216,2283.0,1296.2,959.1,1371.1,423163664.0,119.8,109.3,117.8,138.1,97.9,97.3,74.0,71.0,76.0,3.6,3.5,5.3,3.3,33147.3,10466.5,3793.6,13923.6,26094.5,3251.3,19781.4,3089.3,83.4,12131558.9,109.4,108.4,145.9,126.5,132.3,109.8,136.1,2236.4
217,594.3,1247.3,956.8,1342.4,429967671.0,120.3,110.1,114.4,135.2,96.6,95.4,69.0,66.0,71.0,3.5,3.4,4.7,3.5,34086.0,11584.6,4163.5,15128.3,27327.1,3365.7,21842.3,3255.7,93.8,10963234.5,109.4,108.2,109.1,127.5,133.3,110.4,137.2,2425.1
218,657.7,1270.7,956.7,1361.7,425286150.0,120.5,110.4,115.3,137.8,95.8,94.0,69.0,63.0,73.0,3.5,3.5,4.3,3.5,32656.7,11455.5,4238.4,15365.1,27445.6,3262.6,19785.9,3279.6,97.5,10973942.7,109.3,108.8,110.8,127.8,132.7,109.7,138.0,2412.9
219,1567.7,1305.7,977.3,1398.5,426069328.0,120.6,110.6,117.8,138.9,95.1,93.1,72.0,70.0,74.0,3.5,3.4,4.2,3.5,33274.2,12221.9,4315.1,15628.8,28041.5,3258.9,20400.1,3272.9,94.2,12041467.9,109.3,109.6,127.6,128.0,132.3,110.1,138.4,2476.9
